Dte.,Barris,"1r Trimestre 2014 ","2n Trimestre 2014","3r Trimestre 2014","4rt Trimestre 2014 ","1r Trimestre 2014 (acumulat)","2n Trimestre 2014 (acumulat)","3r Trimestre 2014 (acumulat)","4rt Trimestre 2014 (acumulat)"
1,"1. el Raval",10.76,10.52,9.84,10.81,10.76,10.64,10.36,10.47
1,"2. el Barri Gòtic",10.58,10.18,10.99,10.41,10.58,10.38,10.59,10.54
1,"3. la Barceloneta",14.4,14.53,15.54,16.14,14.4,14.46,14.78,15.15
1,"4. Sant Pere, Santa Caterina i la Ribera",11.01,11.23,11.59,11.09,11.01,11.13,11.29,11.24
2,"5. el Fort Pienc",10.42,10.06,9.64,9.81,10.42,10.23,10.03,9.98
2,"6. la Sagrada Família",10.55,10.59,10.4,10.32,10.55,10.58,10.51,10.46
2,"7. la Dreta de l'Eixample",9.84,10.63,9.96,9.87,9.84,10.23,10.14,10.06
2,"8. l'Antiga Esquerra de l'Eixample",10.35,10.98,10.33,10.36,10.35,10.65,10.53,10.48
2,"9. la Nova Esquerra de l'Eixample",10.32,10.63,10.31,10.46,10.32,10.47,10.41,10.42
2,"10. Sant Antoni",9.77,10.4,9.97,9.94,9.77,10.06,10.03,10.01
3,"11. el Poble Sec - AEI Parc Montjuïc",10.18,10.3,10.08,10.2,10.18,10.24,10.19,10.19
3,"12. la Marina del Prat Vermell - AEI Zona Franca",n.d.,n.d.,n.d.,n.d.,n.d.,n.d.,n.d.,5.36
3,"13. la Marina de Port",8.34,7.27,7.86,8.66,8.34,7.74,7.78,7.99
3,"14. la Font de la Guatlla",10.83,10.55,10.04,11.02,10.83,10.7,10.44,10.62
3,"15. Hostafrancs",10.4,10.08,9.93,10.63,10.4,10.24,10.14,10.27
3,"16. la Bordeta",9.46,9.6,8.85,9.37,9.46,9.53,9.29,9.31
3,"17. Sants - Badal",9.94,10.1,9.98,9.77,9.94,10.02,10.01,9.94
3,"18. Sants",9.89,10.62,9.82,10.06,9.89,10.2,10.07,10.07
4,"19. les Corts",11.39,11,10.91,11.01,11.39,11.19,11.09,11.07
4,"20. la Maternitat i Sant Ramon",10.02,10.44,10.44,10.54,10.02,10.22,10.32,10.38
4,"21. Pedralbes",11.19,12.52,12.06,13.99,11.19,11.84,11.91,12.33
5,"22. Vallvidrera, el Tibidabo i les Planes",7.9,6.25,8.78,15.88,7.9,7.6,8.1,10.6
5,"23. Sarrià",12.62,13.29,14.64,13.52,12.62,12.94,13.62,13.59
5,"24. les Tres Torres",13.27,14.4,13.38,13.18,13.27,13.8,13.66,13.52
5,"25. Sant Gervasi - la Bonanova",11.46,11.76,11.57,11.44,11.46,11.62,11.6,11.55
5,"26. Sant Gervasi - Galvany",12.08,11.56,11.54,11.62,12.08,11.83,11.72,11.69
5,"27. el Putxet i el Farró",11.06,11.32,10.76,10.94,11.06,11.19,11.04,11.01
6,"28. Vallcarca i els Penitents",10.18,10.17,10.08,10.55,10.18,10.17,10.14,10.26
6,"29. el Coll",9.77,9.81,8.85,9.61,9.77,9.79,9.49,9.52
6,"30. la Salut",10.2,9.82,9.49,10.21,10.2,10.03,9.87,9.97
6,"31. la Vila de Gràcia",11.59,11.2,11.01,11.2,11.59,11.4,11.27,11.25
6,"32. el Camp d'en Grassot i Gràcia Nova",10.29,10.72,10.45,10.07,10.29,10.51,10.49,10.36
7,"33. el Baix Guinardó",9.63,9.7,9.26,9.63,9.63,9.67,9.54,9.56
7,"34. Can Baró",9.97,8.95,9.18,9.62,9.97,9.48,9.36,9.42
7,"35. el Guinardó",9.35,9.12,9.26,9.01,9.35,9.23,9.24,9.18
7,"36. la Font d'en Fargues",9.26,9.31,9.58,8.82,9.26,9.28,9.39,9.26
7,"37. el Carmel",8.41,9,8.47,8.66,8.41,8.7,8.62,8.63
7,"38. la Teixonera",8.52,8.42,7.62,8.85,8.52,8.47,8.17,8.35
7,"39. Sant Genís dels Agudells",7.72,7.92,7.71,7.69,7.72,7.82,7.78,7.75
7,"40. Montbau",9.48,9.02,9.35,9.26,9.48,9.21,9.27,9.27
7,"41. la Vall d'Hebron",10.59,9.78,9.11,10.67,10.59,10.11,9.78,9.95
7,"42. la Clota",n.d.,n.d.,n.d.,n.d.,n.d.,n.d.,10.63,10.45
7,"43. Horta",8.85,8.67,8.92,9.3,8.85,8.77,8.82,8.94
8,"44. Vilapicina i la Torre Llobeta",8.85,9.19,8.61,8.59,8.85,9,8.87,8.8
8,"45. Porta",8.58,8.94,8.56,8.49,8.58,8.76,8.69,8.64
8,"46. el Turó de la Peira",7.59,7.96,7.44,8.19,7.59,7.8,7.69,7.81
8,"47. Can Peguera",6.03,6.57,3.54,n.d.,6.03,6.17,5.29,5.29
8,"48. la Guineueta",8.11,8.15,8.3,8.3,8.11,8.13,8.17,8.21
8,"49. Canyelles",7.35,5.58,6.81,7.7,7.35,6.46,6.63,6.98
8,"50. les Roquetes",8.53,8.66,7.73,8.46,8.53,8.59,8.28,8.33
8,"51. Verdun",9.03,9.33,8.95,9.51,9.03,9.2,9.11,9.22
8,"52. la Prosperitat",9.03,9.08,8.49,8.97,9.03,9.05,8.87,8.9
8,"53. la Trinitat Nova",8.96,8.7,8.33,8.03,8.96,8.83,8.7,8.54
8,"54. Torre Baró",n.d.,9.06,n.d.,n.d.,n.d.,6.5,5.63,5.92
8,"55. Ciutat Meridiana",6.23,6.85,6.39,6.17,6.23,6.48,6.45,6.38
8,"56. Vallbona",n.d.,n.d.,n.d.,n.d.,n.d.,n.d.,4.51,4.25
9,"57. la Trinitat Vella",8.28,6.23,6.29,7.13,8.28,7.32,6.94,6.98
9,"58. Baró de Viver",n.d.,4.03,n.d.,n.d.,n.d.,3.78,3.77,3.92
9,"59. el Bon Pastor",8.09,7.86,7.68,8.55,8.09,7.98,7.87,8.05
9,"60. Sant Andreu",9.39,9.33,9.11,8.94,9.39,9.36,9.28,9.19
9,"61. la Sagrera",9.28,9.76,8.34,8.98,9.28,9.5,9.07,9.05
9,"62. el Congrés i els Indians",9.21,9.34,9.42,9.03,9.21,9.26,9.32,9.24
9,"63. Navas",9.2,8.66,8.49,9.24,9.2,8.95,8.79,8.91
10,"64. el Camp de l'Arpa del Clot",9.96,9.61,9.77,9.62,9.96,9.79,9.78,9.74
10,"65. el Clot",9.82,10.11,9.23,9.47,9.82,9.96,9.71,9.63
10,"66. el Parc i la Llacuna del Poblenou",11.04,10.31,9.9,9.66,11.04,10.67,10.39,10.24
10,"67. la Vila Olímpica del Poblenou",12.37,14.44,13.56,12.25,12.37,13.49,13.51,13.18
10,"68. el Poblenou",11.38,10.36,10.4,10.19,11.38,10.87,10.71,10.57
10,"69. Diagonal Mar i el Front Marítim del Poblenou",10.82,10.7,12.49,11.49,10.82,10.77,11.14,11.18
10,"70. el Besòs i el Maresme",8.51,7.8,6.84,8.09,8.51,8.15,7.64,7.74
10,"71. Provençals del Poblenou",9.54,10.01,9.1,10.03,9.54,9.75,9.56,9.67
10,"72. Sant Martí de Provençals",8.73,9.41,8.5,8.86,8.73,9.09,8.89,8.88
10,"73. la Verneda i la Pau",8.34,8.26,8.52,8.14,8.34,8.29,8.37,8.32
