,Dte.,Barris,1r Trimestre 2014 ,2n Trimestre 2014,3r Trimestre 2014,4rt Trimestre 2014 ,1r Trimestre 2015,2n Trimestre 2015,3r Trimestre 2015,4rt Trimestre 2015,1r Trimestre 2016,2n Trimestre 2016,3r Trimestre 2016,4rt Trimestre 2016,1r Trimestre 2017
0,1,1. el Raval,10.76,10.52,9.84,10.81,10.6,10.9,11.0,11.5,"11,6","11,8","12,5","13,2","13,5"
1,1,2. el Barri Gòtic,10.58,10.18,10.99,10.41,10.5,11.1,12.0,11.6,"13,5","12,4","12,4","13,8","14,1"
2,1,3. la Barceloneta,14.4,14.53,15.54,16.14,15.7,16.0,17.0,16.7,"17,3","17,7","19,2","18,6","19,5"
3,1,"4. Sant Pere, Santa Caterina i la Ribera",11.01,11.23,11.59,11.09,11.5,12.0,14.0,13.4,"12,9","14,1","14,4","14,8",15
4,2,5. el Fort Pienc,10.42,10.06,9.64,9.81,10.2,11.0,11.0,11.4,"11,2","11,8","11,9",12,"12,8"
5,2,6. la Sagrada Família,10.55,10.59,10.4,10.32,10.2,11.1,12.0,11.4,"12,1","11,8","12,2","12,7",13
6,2,7. la Dreta de l'Eixample,9.84,10.63,9.96,9.87,10.5,10.7,12.0,11.7,"12,3","12,6","13,3",13,"12,8"
7,2,8. l'Antiga Esquerra de l'Eixample,10.35,10.98,10.33,10.36,10.6,11.1,12.0,11.8,"11,9","12,7","13,2","12,9","13,2"
8,2,9. la Nova Esquerra de l'Eixample,10.32,10.63,10.31,10.46,10.5,11.2,11.0,11.8,"11,5","12,5","12,5","12,9",13
9,2,10. Sant Antoni,9.77,10.4,9.97,9.94,10.2,10.9,11.0,11.2,"11,6","11,6","12,7","12,3","12,4"
10,3,11. el Poble Sec - AEI Parc Montjuïc,10.18,10.3,10.08,10.2,10.3,11.4,11.0,11.7,"11,6","11,9","12,7","12,9",13
11,3,12. la Marina del Prat Vermell - AEI Zona Franca,,,,,,6.5,,7.0,7,,,,nd
12,3,13. la Marina de Port,8.34,7.27,7.86,8.66,6.9,8.2,9.0,8.8,"7,2","8,7","10,2","9,6","9,9"
13,3,14. la Font de la Guatlla,10.83,10.55,10.04,11.02,11.2,10.6,12.0,11.5,"11,2","12,3","11,5",13,"12,6"
14,3,15. Hostafrancs,10.4,10.08,9.93,10.63,10.7,10.9,11.0,11.5,"11,8","12,1",12,"12,6","12,4"
15,3,16. la Bordeta,9.46,9.6,8.85,9.37,8.7,9.5,11.0,10.3,"10,6","10,7","10,9","11,2","10,9"
16,3,17. Sants - Badal,9.94,10.1,9.98,9.77,9.9,10.8,11.0,11.0,"11,1","11,6",12,"12,2","12,9"
17,3,18. Sants,9.89,10.62,9.82,10.06,10.3,11.1,11.0,11.3,"11,1","11,9","12,1","12,3",13
18,4,19. les Corts,11.39,11.0,10.91,11.01,10.6,11.9,12.0,12.4,"12,6","12,5",13,"13,8","13,6"
19,4,20. la Maternitat i Sant Ramon,10.02,10.44,10.44,10.54,10.6,10.8,12.0,11.9,"12,3","12,9","12,9","13,4","13,2"
20,4,21. Pedralbes,11.19,12.52,12.06,13.99,11.4,12.7,17.0,15.6,"15,1","14,2","14,4",15,16
21,5,"22. Vallvidrera, el Tibidabo i les Planes",7.9,6.25,8.78,15.88,16.9,9.1,13.0,9.8,"11,2","17,5","17,1","15,4","10,1"
22,5,23. Sarrià,12.62,13.29,14.64,13.52,12.3,14.4,15.0,16.0,"15,6","17,3","16,1","14,9","16,3"
23,5,24. les Tres Torres,13.27,14.4,13.38,13.18,12.8,13.4,15.0,14.3,"15,2","16,4","15,5","15,6","16,1"
24,5,25. Sant Gervasi - la Bonanova,11.46,11.76,11.57,11.44,11.1,12.6,13.0,13.9,14,"14,3","14,3","14,2","14,6"
25,5,26. Sant Gervasi - Galvany,12.08,11.56,11.54,11.62,11.4,12.5,13.0,13.5,"13,3","13,8","13,8","14,1","14,1"
26,5,27. el Putxet i el Farró,11.06,11.32,10.76,10.94,11.4,12.8,13.0,12.5,"13,1","14,6","13,7","13,6",15
27,6,28. Vallcarca i els Penitents,10.18,10.17,10.08,10.55,10.6,11.3,12.0,12.1,"12,2","12,1","12,6","13,5","14,1"
28,6,29. el Coll,9.77,9.81,8.85,9.61,9.4,9.7,10.0,10.1,"10,7","11,4","10,8",12,12
29,6,30. la Salut,10.2,9.82,9.49,10.21,10.2,11.6,11.0,12.4,"10,9","12,9","11,4","13,2","12,5"
30,6,31. la Vila de Gràcia,11.59,11.2,11.01,11.2,11.5,12.5,13.0,12.6,"12,7","13,2","13,6","14,3","14,9"
31,6,32. el Camp d'en Grassot i Gràcia Nova,10.29,10.72,10.45,10.07,10.6,10.9,11.0,12.2,"11,9","12,3","12,8","12,8","12,9"
32,7,33. el Baix Guinardó,9.63,9.7,9.26,9.63,10.3,10.2,10.0,11.1,"11,3","10,9","11,8","11,8","12,7"
33,7,34. Can Baró,9.97,8.95,9.18,9.62,8.7,9.9,10.0,10.7,"11,5","11,1","10,9","12,3","11,9"
34,7,35. el Guinardó,9.35,9.12,9.26,9.01,10.1,10.2,10.0,10.8,"10,8","10,5","11,5","11,7","12,3"
35,7,36. la Font d'en Fargues,9.26,9.31,9.58,8.82,9.7,10.3,9.0,14.8,"15,2","11,5","10,3","11,3","14,9"
36,7,37. el Carmel,8.41,9.0,8.47,8.66,8.6,9.2,9.0,9.3,"9,2","9,6","9,8","10,7","11,5"
37,7,38. la Teixonera,8.52,8.42,7.62,8.85,8.7,11.2,9.0,9.4,9,"9,9","9,9","11,6","10,7"
38,7,39. Sant Genís dels Agudells,7.72,7.92,7.71,7.69,7.6,8.1,8.0,8.8,"8,4","8,6","8,7","9,1",9
39,7,40. Montbau,9.48,9.02,9.35,9.26,8.9,9.7,12.0,10.1,"9,2","9,7",11,"10,7",13
40,7,41. la Vall d'Hebron,10.59,9.78,9.11,10.67,9.9,9.9,11.0,10.0,11,"10,5","11,7","11,4","11,7"
41,7,42. la Clota,,,,,,,8.0,,,,,,nd
42,7,43. Horta,8.85,8.67,8.92,9.3,8.9,9.6,10.0,9.8,"9,8","11,2","10,7","10,8","11,2"
43,8,44. Vilapicina i la Torre Llobeta,8.85,9.19,8.61,8.59,9.0,9.1,10.0,9.6,"10,3","10,2","10,3","11,3","11,2"
44,8,45. Porta,8.58,8.94,8.56,8.49,8.3,9.0,9.0,9.9,"9,2","9,9","10,6","10,5","10,2"
45,8,46. el Turó de la Peira,7.59,7.96,7.44,8.19,7.2,8.2,9.0,9.2,"8,9","9,5","9,7","9,6","10,3"
46,8,47. Can Peguera,6.03,6.57,3.54,,,,,,,,,"10,5",nd
47,8,48. la Guineueta,8.11,8.15,8.3,8.3,8.3,8.1,8.0,8.2,"8,5","8,6","8,8","9,2","9,1"
48,8,49. Canyelles,7.35,5.58,6.81,7.7,,7.2,7.0,7.8,8,"8,1","8,4","7,7",8
49,8,50. les Roquetes,8.53,8.66,7.73,8.46,8.3,8.8,9.0,8.9,"8,4","9,2","9,9",10,"9,4"
50,8,51. Verdun,9.03,9.33,8.95,9.51,8.8,7.8,10.0,10.1,10,"9,6","9,9","10,9","11,3"
51,8,52. la Prosperitat,9.03,9.08,8.49,8.97,9.1,9.9,10.0,9.5,"9,1",10,"10,7","11,1","11,6"
52,8,53. la Trinitat Nova,8.96,8.7,8.33,8.03,8.1,9.3,9.0,8.8,"8,7","9,4","7,8","8,7",10
53,8,54. Torre Baró,,9.06,,,,7.3,,5.2,"6,6","6,8",,"10,1","7,3"
54,8,55. Ciutat Meridiana,6.23,6.85,6.39,6.17,6.6,6.7,6.0,6.7,"6,2","7,2","6,4","7,7","7,9"
55,8,56. Vallbona,,,,,,5.9,,,"7,1",,,,nd
56,9,57. la Trinitat Vella,8.28,6.23,6.29,7.13,6.9,8.4,9.0,8.0,"7,4","8,5","8,4","9,6","9,4"
57,9,58. Baró de Viver,,4.03,,,5.1,5.6,4.0,,"3,2",,"3,8",,nd
58,9,59. el Bon Pastor,8.09,7.86,7.68,8.55,8.3,8.7,9.0,9.3,"8,2","8,7","9,1","9,1","9,2"
59,9,60. Sant Andreu,9.39,9.33,9.11,8.94,9.3,10.1,11.0,10.0,"10,3","11,4","10,8","11,2","12,4"
60,9,61. la Sagrera,9.28,9.76,8.34,8.98,8.9,9.6,10.0,10.6,"10,8",10,"10,4","10,7","9,8"
61,9,62. el Congrés i els Indians,9.21,9.34,9.42,9.03,9.0,9.6,10.0,9.2,"9,6","10,3","11,3","10,5","11,2"
62,9,63. Navas,9.2,8.66,8.49,9.24,9.2,9.6,10.0,10.3,"10,3","10,4","10,5","11,9","10,4"
63,10,64. el Camp de l'Arpa del Clot,9.96,9.61,9.77,9.62,9.6,10.6,11.0,11.2,"11,1","11,3","11,9","12,4","12,9"
64,10,65. el Clot,9.82,10.11,9.23,9.47,9.4,10.5,11.0,10.6,"10,2","11,4","11,7","11,4","12,3"
65,10,66. el Parc i la Llacuna del Poblenou,11.04,10.31,9.9,9.66,9.8,12.0,12.0,12.2,"12,1","12,5","12,5","13,7","13,1"
66,10,67. la Vila Olímpica del Poblenou,12.37,14.44,13.56,12.25,12.9,14.8,16.0,13.1,"15,8","17,2",15,"16,7","16,3"
67,10,68. el Poblenou,11.38,10.36,10.4,10.19,10.6,11.9,12.0,12.5,"11,9","12,7","13,1","13,4","13,4"
68,10,69. Diagonal Mar i el Front Marítim del Poblenou,10.82,10.7,12.49,11.49,11.6,11.1,12.0,14.9,"11,8","14,3","14,3","16,7","15,8"
69,10,70. el Besòs i el Maresme,8.51,7.8,6.84,8.09,8.4,8.4,8.0,8.3,"8,5",9,"8,7","8,9","9,5"
70,10,71. Provençals del Poblenou,9.54,10.01,9.1,10.03,9.1,10.0,10.0,10.9,"10,6","11,2","12,7","12,7","13,2"
71,10,72. Sant Martí de Provençals,8.73,9.41,8.5,8.86,9.3,9.6,9.0,9.5,"9,4",10,"9,9","10,7","10,5"
72,10,73. la Verneda i la Pau,8.34,8.26,8.52,8.14,8.6,9.4,9.0,8.9,"9,2","9,3",9,"9,1",10
